{
    "pools": [
        {
            "rolls": 5,
            "bonus_rolls": 8,
            "entries": [
                {
                    "type": "item",
                    "name": "bone",
                    "weight": 50
                },
                {
                    "type": "item",
                    "name": "bone_meal",
                    "weight": 50
                }
            ]
        },
        {
            "rolls": 1,
            "entries": [
                {
                    "type": "item",
                    "name": "bow",
                    "quality": 36
                }
            ]
        }
    ]
}