{
    "pools": [
        {
            "rolls": 2,
            "bonus_rolls": 3,
            "entries": [
                {
                    "type": "item",
                    "name": "string",
                    "weight": 750
                },
                {
                    "type": "item",
                    "name": "nether_wart",
                    "weight": 5
                },
                {
                    "type": "item",
                    "name": "spider_eye",
                    "weight": 140
                },
                {
                    "type": "item",
                    "name": "honeycomb",
                    "weight": 5
                }
            ]
        }
    ]
}