{
    "pools": [
        {
            "rolls": 8,
            "entries": [
                {
                    "type": "item",
                    "name": "iron_nugget",
                    "weight": 1
                },
                {
                    "type": "item",
                    "name": "gold_nugget",
                    "weight": 1
                },
                {
                    "type": "empty",
                    "weight": 5
                }
            ]
        },
        {
            "rolls": 1,
            "entries": [
                {
                    "type": "item",
                    "name": "end_stone",
                    "weight": 7
                },
                {
                    "type": "empty",
                    "weight": 1
                },
                {
                    "type": "item",
                    "name": "dirt",
                    "weight": 2
                }
            ]
        }
    ]
}