{
  "type": "block",
  "pools": [
    {
      "conditions": [
        {
          "condition": "match_tool",
          "predicate": {
            "items": "shears"
          }
        }
      ],
      "rolls": 1,
      "entries": [
        {
          "type": "item",
          "name": "oak_leaves"
        }
      ]
    },
    {
      "rolls": 1,
      "bonus_rolls": 2,
      "entries": [
        {
          "type": "item",
          "name": "stick",
          "weight": 3
        },
        {
          "type": "empty",
          "weight": 12
        },
        {
          "type": "item",
          "name": "apple",
          "weight": 1
        },
        {
          "type": "item",
          "name": "string",
          "weight": 1
        },
        {
          "type": "item",
          "name": "oak_sapling",
          "weight": 5
        }
      ]
    }
  ]
}