{
    "type": "minecraft:block",
    "pools": [
      {
        "rolls": 1,
        "bonus_rolls": 2,
        "entries": [
          {
            "type": "minecraft:item",
            "name": "minecraft:stick",
            "weight": 3
          },
          {
            "type": "minecraft:empty",
            "weight": 12
          },
          {
            "type": "minecraft:item",
            "name": "apple",
            "weight": 1
          },
          {
            "type": "minecraft:item",
            "name": "string",
            "weight": 1
          },
          {
            "type": "minecraft:item",
            "name": "oak_sapling",
            "weight": 5
          }
        ]
      }
    ]
  }