{"stats":{"minecraft:mined":{"minecraft:oak_leaves":123},"minecraft:dropped":{"minecraft:iron_ingot":3,"minecraft:netherite_pickaxe":1,"minecraft:music_disc_chirp":1,"minecraft:music_disc_otherside":1,"minecraft:music_disc_5":1,"minecraft:stone_shovel":1,"minecraft:music_disc_relic":1,"minecraft:oak_planks":200,"minecraft:apple":9,"minecraft:stripped_oak_log":5,"minecraft:music_disc_far":1,"minecraft:golden_shovel":1,"minecraft:music_disc_creator_music_box":1,"minecraft:music_disc_13":1,"minecraft:music_disc_11":1,"minecraft:music_disc_creator":1,"minecraft:stick":10,"minecraft:iron_block":128,"minecraft:dirt":1,"minecraft:stone":4,"minecraft:wooden_axe":1,"minecraft:music_disc_mall":1,"minecraft:music_disc_precipice":1,"minecraft:oak_sapling":15,"minecraft:wooden_shovel":1,"minecraft:music_disc_strad":1,"minecraft:music_disc_ward":1,"minecraft:music_disc_wait":1,"minecraft:music_disc_mellohi":1,"minecraft:iron_shovel":1,"minecraft:string":6,"minecraft:music_disc_stal":1,"minecraft:music_disc_cat":1,"minecraft:music_disc_blocks":1},"minecraft:custom":{"minecraft:interact_with_furnace":23,"minecraft:interact_with_anvil":1,"minecraft:interact_with_crafting_table":14,"minecraft:open_barrel":12,"minecraft:leave_game":4,"minecraft:time_since_death":1632,"minecraft:time_since_rest":1656,"minecraft:damage_taken":717,"minecraft:sprint_one_cm":9110,"minecraft:walk_one_cm":30029,"minecraft:drop":69,"minecraft:fly_one_cm":139604,"minecraft:open_chest":13,"minecraft:crouch_one_cm":1135,"minecraft:play_time":61987,"minecraft:deaths":3,"minecraft:sneak_time":579,"minecraft:jump":88,"minecraft:interact_with_blast_furnace":6,"minecraft:total_world_time":288737},"minecraft:picked_up":{"minecraft:wooden_axe":1,"minecraft:stripped_oak_log":5,"minecraft:music_disc_5":1,"minecraft:crafting_table":1,"minecraft:music_disc_strad":1,"minecraft:music_disc_stal":1,"minecraft:music_disc_creator":1,"minecraft:golden_shovel":1,"minecraft:music_disc_cat":1,"minecraft:dirt":1,"minecraft:string":8,"minecraft:iron_shovel":1,"minecraft:apple":11,"minecraft:smooth_stone":59,"minecraft:iron_ingot":4,"minecraft:music_disc_otherside":1,"minecraft:music_disc_far":1,"minecraft:wooden_shovel":1,"minecraft:oak_planks":242,"minecraft:music_disc_chirp":1,"minecraft:stick":72,"minecraft:stone":4,"minecraft:music_disc_blocks":1,"minecraft:music_disc_13":1,"minecraft:music_disc_relic":1,"minecraft:music_disc_mellohi":1,"minecraft:fire_charge":2,"minecraft:sand":1,"minecraft:netherite_shovel":1,"minecraft:music_disc_11":1,"minecraft:netherite_pickaxe":1,"minecraft:music_disc_creator_music_box":1,"minecraft:oak_wood":3,"minecraft:music_disc_mall":1,"minecraft:stone_shovel":2,"minecraft:music_disc_ward":1,"minecraft:iron_block":128,"minecraft:bone_meal":64,"minecraft:music_disc_precipice":1,"minecraft:oak_sapling":20,"minecraft:music_disc_wait":1},"minecraft:crafted":{"minecraft:oak_planks":14,"minecraft:gravel":12,"minecraft:sand":1,"minecraft:lava_bucket":1,"minecraft:oak_wood":3,"minecraft:stick":4,"minecraft:iron_ingot":1,"minecraft:fire_charge":5},"minecraft:used":{"minecraft:writable_book":4,"minecraft:chest":1,"minecraft:oak_leaves":128,"minecraft:dirt":100,"minecraft:anvil":1,"minecraft:crafting_table":2,"minecraft:blast_furnace":3,"minecraft:oak_log":13,"minecraft:wooden_axe":13,"minecraft:grass_block":56,"minecraft:fishing_rod":5,"minecraft:fire_charge":3,"minecraft:furnace":2,"minecraft:oak_sapling":1,"minecraft:end_portal_frame":1,"minecraft:bone_meal":5,"minecraft:knowledge_book":20}},"DataVersion":3955}