{"stats":{"minecraft:mined":{"minecraft:end_stone":32,"minecraft:fire":1,"minecraft:sand":21,"minecraft:gravel":4,"minecraft:oak_leaves":149},"minecraft:dropped":{"minecraft:iron_ingot":3,"minecraft:netherite_pickaxe":1,"minecraft:goat_horn":6,"minecraft:iron_nugget":2,"minecraft:music_disc_chirp":1,"minecraft:music_disc_otherside":1,"minecraft:music_disc_5":1,"minecraft:stone_shovel":1,"minecraft:music_disc_relic":1,"minecraft:rotten_flesh":1,"minecraft:end_stone":2,"minecraft:oak_planks":200,"minecraft:apple":9,"minecraft:stripped_oak_log":5,"minecraft:music_disc_far":1,"minecraft:golden_shovel":1,"minecraft:music_disc_13":1,"minecraft:music_disc_creator_music_box":1,"minecraft:flint_and_steel":1,"minecraft:music_disc_11":1,"minecraft:music_disc_creator":1,"minecraft:stick":10,"minecraft:iron_block":128,"minecraft:dirt":1,"minecraft:stone":4,"minecraft:mace":1,"minecraft:wooden_axe":1,"minecraft:music_disc_mall":1,"minecraft:music_disc_precipice":1,"minecraft:oak_sapling":15,"minecraft:wooden_shovel":1,"minecraft:music_disc_strad":1,"minecraft:music_disc_ward":1,"minecraft:music_disc_wait":1,"minecraft:music_disc_mellohi":1,"minecraft:iron_shovel":1,"minecraft:string":6,"minecraft:written_book":1,"minecraft:oak_leaves":1,"minecraft:music_disc_stal":1,"minecraft:music_disc_cat":1,"minecraft:bone":2,"minecraft:music_disc_blocks":1},"minecraft:custom":{"minecraft:interact_with_furnace":23,"minecraft:mob_kills":18,"minecraft:interact_with_anvil":1,"minecraft:interact_with_crafting_table":20,"minecraft:open_barrel":16,"minecraft:interact_with_stonecutter":3,"minecraft:leave_game":10,"minecraft:time_since_death":8,"minecraft:time_since_rest":44,"minecraft:damage_taken":1017,"minecraft:sprint_one_cm":21254,"minecraft:walk_one_cm":79029,"minecraft:drop":86,"minecraft:damage_dealt":3265,"minecraft:fly_one_cm":409618,"minecraft:open_chest":29,"minecraft:crouch_one_cm":1672,"minecraft:play_time":117937,"minecraft:deaths":4,"minecraft:sneak_time":1151,"minecraft:jump":277,"minecraft:interact_with_blast_furnace":6,"minecraft:total_world_time":458586,"minecraft:fall_one_cm":489},"minecraft:picked_up":{"minecraft:wooden_axe":1,"minecraft:stripped_oak_log":5,"minecraft:music_disc_5":1,"minecraft:crafting_table":1,"minecraft:music_disc_strad":1,"minecraft:music_disc_stal":1,"minecraft:music_disc_creator":1,"minecraft:golden_shovel":1,"minecraft:gunpowder":16,"minecraft:acacia_boat":3,"minecraft:music_disc_cat":1,"minecraft:string":18,"minecraft:dirt":1,"minecraft:iron_shovel":1,"minecraft:bone":4,"minecraft:apple":14,"minecraft:wheat_seeds":1,"minecraft:gold_nugget":2,"minecraft:smooth_stone":59,"minecraft:iron_ingot":4,"minecraft:music_disc_otherside":1,"minecraft:music_disc_far":1,"minecraft:wooden_shovel":1,"minecraft:iron_nugget":20,"minecraft:oak_planks":242,"minecraft:music_disc_chirp":1,"minecraft:stick":72,"minecraft:end_stone":95,"minecraft:stone":4,"minecraft:music_disc_blocks":1,"minecraft:music_disc_13":1,"minecraft:music_disc_relic":1,"minecraft:music_disc_mellohi":1,"minecraft:gravel":3,"minecraft:fire_charge":2,"minecraft:sand":14,"minecraft:netherite_shovel":1,"minecraft:mace":1,"minecraft:music_disc_11":1,"minecraft:vine":1,"minecraft:netherite_pickaxe":1,"minecraft:music_disc_creator_music_box":1,"minecraft:spider_eye":2,"minecraft:goat_horn":6,"minecraft:oak_wood":3,"minecraft:music_disc_mall":1,"minecraft:stone_shovel":2,"minecraft:rotten_flesh":4,"minecraft:music_disc_ward":1,"minecraft:iron_block":128,"minecraft:bone_meal":67,"minecraft:music_disc_precipice":1,"minecraft:oak_sapling":30,"minecraft:music_disc_wait":1,"minecraft:oak_leaves":11,"minecraft:crimson_roots":3},"minecraft:crafted":{"minecraft:oak_planks":14,"minecraft:gravel":13,"minecraft:sand":1,"minecraft:lava_bucket":1,"minecraft:oak_wood":3,"minecraft:stick":4,"minecraft:iron_ingot":1,"minecraft:fire_charge":5},"minecraft:used":{"minecraft:writable_book":6,"minecraft:flint_and_steel":4,"minecraft:diamond_hoe":15,"minecraft:chest":2,"minecraft:zombie_spawn_egg":10,"minecraft:stonecutter":1,"minecraft:netherrack":132,"minecraft:oak_leaves":155,"minecraft:sand":21,"minecraft:anvil":1,"minecraft:dirt":100,"minecraft:ancient_debris":6,"minecraft:skeleton_spawn_egg":1,"minecraft:crafting_table":6,"minecraft:blast_furnace":3,"minecraft:end_stone":100,"minecraft:obsidian":56,"minecraft:shears":11,"minecraft:creeper_spawn_egg":6,"minecraft:wooden_axe":13,"minecraft:oak_log":14,"minecraft:apple":1,"minecraft:mace":22,"minecraft:grass_block":66,"minecraft:warped_nylium":9,"minecraft:gravel":4,"minecraft:barrel":1,"minecraft:crimson_nylium":24,"minecraft:fishing_rod":5,"minecraft:fire_charge":4,"minecraft:written_book":1,"minecraft:oak_sapling":2,"minecraft:furnace":2,"minecraft:netherite_pickaxe":32,"minecraft:end_portal_frame":1,"minecraft:bone_meal":22,"minecraft:spider_spawn_egg":6,"minecraft:knowledge_book":20},"minecraft:killed":{"minecraft:spider":6,"minecraft:creeper":6,"minecraft:skeleton":1,"minecraft:zombie":5}},"DataVersion":3955}