{
    "display": {
        "title": {
            "text": "Everything drops a lot!",
            "bold": false,
            "underlined": false,
            "strikethrough": false,
            "obfuscated": false,
            "italic": false
        },
        "description": {
            "text": "What is there not to get?",
            "color": "green"
        },
        "icon": {
            "id": "minecraft:iron_nugget"
        },
        "frame": "task",
        "show_toast": true,
        "announce_to_chat": true,
        "hidden": false,
        "background": "minecraft:textures/gui/advancements/backgrounds/stone.png"
    },
    "criteria": {
        "gotString": {
            "trigger": "minecraft:inventory_changed",
            "conditions": {
                "items": [
                    {
                        "items": [
                            "iron_nugget",
                            "gold_nugget",
                            "raw_copper"
                        ],
                        "count": {
                            "min": 1
                        }
                    }
                ]
            }
        }
    },
    "requirements": [
        [
            "gotString"
        ]
    ],
    "rewards": {
        "experience": 50
    },
    "parent": "skyblock:leavesdropalot"
}