{
    "display": {
        "title": {
            "text": "Leaves Drop A Lot",
            "bold": false,
            "underlined": false,
            "strikethrough": false,
            "obfuscated": false,
            "italic": false
        },
        "description": {
            "text": "What else might drop more?",
            "color": "green"
        },
        "icon": {
            "id": "minecraft:oak_leaves"
        },
        "frame": "task",
        "show_toast": true,
        "announce_to_chat": true,
        "hidden": false,
        "background": "minecraft:textures/gui/advancements/backgrounds/stone.png"
    },
    "criteria": {
        "gotString": {
            "trigger": "minecraft:inventory_changed",
            "conditions": {
                "items": [
                    {
                        "items": [
                            "string"
                        ],
                        "count": {
                            "min": 1
                        }
                    }
                ]
            }
        }
    },
    "requirements": [
        [
            "gotString"
        ]
    ],
    "rewards": {
        "experience": 50,
        "recipes": [
            "skyblock:wooden_axe"
        ]
    },
    "parent": "skyblock:skyblock"
}