{
    "display": {
        "title": {
            "text": "Uncrafting!",
            "bold": false,
            "underlined": false,
            "strikethrough": false,
            "obfuscated": false,
            "italic": false
        },
        "description": {
            "text": "Maybe try striping the oak logs ;)",
            "color": "green"
        },
        "icon": {
            "id": "minecraft:oak_planks"
        },
        "frame": "task",
        "show_toast": true,
        "announce_to_chat": true,
        "hidden": false,
        "background": "minecraft:textures/gui/advancements/backgrounds/stone.png"
    },
    "criteria": {
        "gotPlanks": {
            "trigger": "minecraft:recipe_crafted",
            "conditions": {
                "recipe_id": "skyblock:oak_planks"
            }
        }
    },
    "requirements": [
        [
            "gotPlanks"
        ]
    ],
    "rewards": {
        "experience": 50,
        "recipes": ["skyblock:wooden_axe"]
    },
    "parent": "skyblock:skyblock"
}